<?xml version="1.0" encoding="UTF-8" standalone="yes"?>
<manifest>
  <control namespace="GenderControlNameSpace" constructor="PCFGenderControl" version="0.0.2" display-name-key="GenderControl" description-key="GenderControl description" control-type="standard" api-version="1.3.4">
    <external-service-usage enabled="false"/>
    <property name="GenderValue" display-name-key="GenderControl" description-key="This filed represent gender with real image of the gender" of-type="OptionSet" usage="bound" required="true"/>
    <resources>
      <code path="bundle.js" order="1"/>
    </resources>
    <built-by name="pac" version="1.15.3"/>
  </control>
</manifest>